location,zh_cn,en
site/app/pages/components/subheader/index.html,子标题（Subheader）,
site/app/pages/components/divider/index.html,分隔线 Divider,
site/app/pages/components/file/index.html,文件选择 File,
site/app/pages/components/switch/index.html,切换按钮,
site/app/pages/components/switch/index.html,切换按钮可以理解成多选框的另一种展示方式，其核心逻辑和多选框完全一样。因此，切换按钮也分为单一模式和数组模式，且 API 接口和多选框完全一样。,
site/app/pages/components/switch/index.html,单一模式的切换按钮，这种模式是最常见的使用模式。,
site/app/pages/components/switch/index.html,单一模式切换按钮,
site/app/pages/components/switch/index.html,数组模式的切换按钮，这种模式很少使用。典型的使用场景就是配置由个开关组成的开关分组。,
site/app/pages/components/switch/index.html,数组模式切换按钮,
site/app/pages/components/switch/index.html,和<code>&lt;md-checkbox&gt;</code>完全一样，请参看<code>&lt;md-checkbox&gt;</code>的 API 文档,
site/app/pages/components/switch/index.html,切换按钮 Switch,
site/app/pages/components/checkbox/index.html,多选框有两种使用模式，单一模式（Single)和数组（Array）模式。,
site/app/pages/components/checkbox/index.html,单一模式下多选框的 value 是一个单一的值，该多选框被点击切换时，其 value 会在 trueValue 和 falseValue 这两个单一值之间切换，并通过 change 事件向外传递切换后的值。,
site/app/pages/components/checkbox/index.html,单一模式多选框,
site/app/pages/components/checkbox/index.html,数组模式下多选框的 value 是数组，需要指定 trueValue 但不需要指定 falseValue。该多选框被点击时，会向 value 指定的数组里添加或删除 trueValue 指定的元素。需要注意这种模式下，value 指定的数组，会被直接修改，并通过 change 事件向外传递修改后的数组。,
site/app/pages/components/checkbox/index.html,数组模式多选框,
site/app/pages/components/checkbox/index.html,The following options can be applied to all checkboxes:,
site/app/pages/components/checkbox/index.html,多选框 Checkbox,
site/app/pages/components/snackbar/index.html,消息提示 Snackbar,
site/app/pages/components/switch/examples/array-switch.html,描述,
site/app/pages/components/switch/examples/array-switch.html,示例,
site/app/pages/components/switch/examples/array-switch.html,值,
site/app/pages/components/switch/examples/array-switch.html,简单字符串数组,
site/app/pages/components/switch/examples/array-switch.html,城市开关：,
site/app/pages/components/switch/examples/array-switch.html,Object 数组,
site/app/pages/components/switch/examples/array-switch.html,用户开关：,
site/app/pages/components/switch/examples/single-switch.html,描述,
site/app/pages/components/switch/examples/single-switch.html,示例,
site/app/pages/components/switch/examples/single-switch.html,值,
site/app/pages/components/switch/examples/single-switch.html,无任何属性的最简单切换按钮,
site/app/pages/components/switch/examples/single-switch.html,标签,
site/app/pages/components/switch/examples/single-switch.html,(无),
site/app/pages/components/switch/examples/single-switch.html,传递简单的布尔值,
site/app/pages/components/switch/examples/single-switch.html,传递简单的字符串值,
site/app/pages/components/switch/examples/single-switch.html,自动更新,
site/app/pages/components/switch/examples/single-switch.html,传递 Object 值,
site/app/pages/components/dialog/index.html,自定义内容,
site/app/pages/components/dialog/index.html,对话框 Dialog,
site/app/pages/components/checkbox/examples/array-checkbox.html,描述,
site/app/pages/components/checkbox/examples/array-checkbox.html,示例,
site/app/pages/components/checkbox/examples/array-checkbox.html,值,
site/app/pages/components/checkbox/examples/array-checkbox.html,简单字符串数组,
site/app/pages/components/checkbox/examples/array-checkbox.html,请选择城市：,
site/app/pages/components/checkbox/examples/array-checkbox.html,Object 数组,
site/app/pages/components/checkbox/examples/array-checkbox.html,请选择用户：,
site/app/pages/components/checkbox/examples/single-checkbox.html,描述,
site/app/pages/components/checkbox/examples/single-checkbox.html,示例,
site/app/pages/components/checkbox/examples/single-checkbox.html,值,
site/app/pages/components/checkbox/examples/single-checkbox.html,无任何属性的最简单选择框,
site/app/pages/components/checkbox/examples/single-checkbox.html,标签,
site/app/pages/components/checkbox/examples/single-checkbox.html,(无),
site/app/pages/components/checkbox/examples/single-checkbox.html,传递简单的布尔值,
site/app/pages/components/checkbox/examples/single-checkbox.html,传递简单的字符串值,
site/app/pages/components/checkbox/examples/single-checkbox.html,我已阅读并同意协议,
site/app/pages/components/checkbox/examples/single-checkbox.html,传递 Object 值,
site/app/pages/components/checkbox/examples/single-checkbox.html,禁用状态,
site/app/pages/components/toolbar/index.html,工具栏 Toolbar,
site/app/pages/components/table/index.html,表格 Table,
site/app/pages/components/snackbar/examples/static.html,Show snackbar directly by calling static method <code>Snackbar.show</code>,
site/app/pages/components/autocomplete/index.html,自动补全 Autocomplete,
site/app/components/code-block.js,代码已复制！,
site/app/pages/components/chips/index.html,纸片 Chips,
site/app/pages/components/input/index.html,文本框 Input & Textarea,
site/app/pages/components/list/index.html,列表 List,
site/app/pages/components/select/index.html,下拉选择 Select,
site/app/pages/components/tabs/index.html,标签页 Tabs,
site/app/pages/components/steppers/index.html,步骤条 Steppers,
site/app/pages/components/menu/index.html,菜单 Menu,
site/app/pages/components/progress/index.html,进度条,
site/app/pages/components/progress/index.html,Determinate,
site/app/pages/components/progress/index.html,Indeterminate,
site/app/pages/components/progress/index.html,进度条 Progress Bar,
site/app/pages/components/pagination/index.html,基础分页,
site/app/pages/components/pagination/index.html,完整分页,
site/app/pages/components/pagination/index.html,禁用分页,
site/app/pages/components/pagination/index.html,分页 Pagination,
site/app/pages/components/empty/index.html,空提示 Empty State,
site/app/pages/components/drawer/index.html,抽屉 Drawer,
site/app/pages/components/spinner/index.html,该组件常用于指示正在加载、正在提交等状态，也可用于具体指示加载的进度。为了简化 API，通过是否指定 <code>value</code> 属性来决定 Spinner 属于哪个类型。,
site/app/pages/components/spinner/index.html,指定 <code>value</code> 属性时，属于指示具体加载进度的 Spinner，<code>value</code> 属性为 0-100 的数字。,
site/app/pages/components/spinner/index.html,"不指定 <code>value</code> 属性时，属于指示正在加载状态的 Spinner,Spinner 表现为一个旋转的加载动画。",
site/app/pages/components/spinner/index.html,指示正在加载状态的 Spinner,
site/app/pages/components/spinner/index.html,指示具体的加载进度的 Spinner,
site/app/pages/components/spinner/index.html,在按钮中使用 Spinner,
site/app/pages/components/spinner/index.html,默认情况下，Spinner 的大小为 <code>1em</code>（即字号大小），颜色为 <code>currentColor</code>（即文字颜色）。在实际使用时，可以通过调整父元素的字号和颜色来改变 Spinner 的大小和颜色，也可以通过以下接口来调整：,
site/app/pages/components/spinner/index.html,加载指示 Spinner,
site/app/pages/components/icon/index.html,Material 图标,
site/app/pages/components/icon/index.html,Icon Font 图标,
site/app/pages/components/icon/index.html,Font Icon 图标,
site/app/pages/components/icon/index.html,SVG 图标,
site/app/pages/components/icon/index.html,图标 Icon,
site/app/pages/components/popconfirm/api.js,文字提示的内容,
site/app/pages/components/popconfirm/api.js,点击确认按钮后是否隐藏气泡。,
site/app/pages/components/popconfirm/api.js,是否进入正在确认的加载状态,
site/app/pages/components/popconfirm/api.js,同 Popover 组件,
site/app/pages/components/popconfirm/api.js,用户点击确认按钮,
site/app/pages/components/popconfirm/api.js,用户点击取消按钮,
site/app/pages/components/popconfirm/examples/simple.js,未命名,
site/app/pages/components/popconfirm/index.html,气泡确认框,
site/app/pages/components/popconfirm/index.html,Popover 组件的所有 API 也可用于 Popconfirm 组件。但部分属性的默认值不同。,
site/app/pages/components/popconfirm/index.html,气泡确认框 Popconfirm,
site/app/pages/components/tooltip/api.js,文字提示的内容,
site/app/pages/components/tooltip/api.js,参看 Popover 组件,
site/app/pages/components/tooltip/index.html,文字提示,
site/app/pages/components/tooltip/index.html,Popover 组件的所有 API 也可用于 Tooltip 组件。但部分属性的默认值不同。,
site/app/pages/components/tooltip/index.html,文字提示 Tooltip,
site/app/pages/components/popover/api.js,控制气泡卡片是否展示。外部父组件可通过此属性手动控制。,
site/app/pages/components/popover/api.js,"气泡卡片的触发方式，包括 click, hover 和 none。如果指定为 none，代表气泡卡片不自动绑定触发元素，完全靠 active 属性控制。",
site/app/pages/components/popover/api.js,卡片在延迟一定的时间后显示，单位为毫秒。,
site/app/pages/components/popover/api.js,卡片显示时的相对位置，参看 Popper.js 的 placement 概念。,
site/app/pages/components/popover/api.js,卡片显示时的偏移量，参看 Popper.js 的 offset 概念。,
site/app/pages/components/popover/api.js,附加在卡片的 DOM 上的 html class。,
site/app/pages/components/popover/api.js,卡片显示和隐藏时的 css 动画。,
site/app/pages/components/popover/api.js,点击卡片之外的其它区域时，是否隐藏卡片。,
site/app/pages/components/popover/api.js,Popper.js 的更多自定义高级配置。,
site/app/pages/components/popover/api.js,用于控制气泡里面顶部的标题样式。,
site/app/pages/components/popover/api.js,控制气泡里面中间的内容样式。,
site/app/pages/components/popover/api.js,控制气泡里面底部的按钮区域样式。,
site/app/pages/components/popover/api.js,气泡显示或隐藏时的事件,
site/app/pages/components/popover/index.html,气泡卡片,
site/app/pages/components/popover/index.html,气泡卡片 Popover,
site/app/pages/components/popconfirm/examples/simple.html,简单的 Popconfirm：,
site/app/pages/components/popconfirm/examples/simple.html,删除,
site/app/pages/components/popconfirm/examples/simple.html,您确认要删除 ${some.name} 吗？,
site/app/pages/components/popconfirm/examples/simple.html,配合服务器端 API 接口：,
site/app/pages/components/tooltip/examples/simple.html,简单的 Tooltip：,
site/app/pages/components/tooltip/examples/simple.html,你好，世界！,
site/app/pages/components/tooltip/examples/simple.html,改变 placement 和 delay：,
site/app/pages/components/tooltip/examples/simple.html,通过父组件里的参数控制显示和隐藏：,
site/app/pages/components/tooltip/examples/simple.html,展示自定义的内容：,
site/app/pages/components/radio/index.html,单选项,
site/app/pages/components/radio/index.html,简单单选项,
site/app/pages/components/radio/index.html,The following options can be applied to all checkboxes:,
site/app/pages/components/radio/index.html,单选项 Radio,
site/app/pages/components/highlight/index.html,文本高亮 Highlight,
site/app/pages/components/radio/examples/simple-radios.html,描述,
site/app/pages/components/radio/examples/simple-radios.html,示例,
site/app/pages/components/radio/examples/simple-radios.html,值,
site/app/pages/components/radio/examples/simple-radios.html,简单选择项,
site/app/pages/components/radio/examples/simple-radios.html,字符串数组,
site/app/pages/components/radio/examples/simple-radios.html,Object 数组,
site/app/pages/components/popover/examples/simple.html,简单地使用内置 Trigger 触发气泡卡片展示和隐藏：,
site/app/pages/components/popover/examples/simple.html,通过父组件里的参数控制气泡的显示和隐藏：,
site/app/layout/header.js,默认蓝,Default
site/app/layout/header.js,暗夜蓝,Default-Dark
site/app/layout/header.js,炫酷紫,Purple
site/app/layout/header.js,暗夜紫,Purple-Dark
site/app/layout/footer.html,关于,About
site/app/layout/footer.html,许可证,License
site/app/pages/license.js,许可证,License
site/app/layout/nav-content.js,首页,Home
site/app/layout/nav-content.js,快速上手,Getting Started
site/app/layout/nav-content.js,主题,Theme
site/app/layout/nav-content.js,路由整合,Router
site/app/layout/nav-content.js,国际化,I18N
site/app/layout/nav-content.js,UI 规范,UI
site/app/layout/nav-content.js,阴影|Elevation,Elevation
site/app/layout/nav-content.js,布局|Layout,Layout
site/app/layout/nav-content.js,版式|Typography,Typography
site/app/layout/nav-content.js,状态|States,States
site/app/layout/nav-content.js,组件,Components
site/app/layout/nav-content.js,头像|Avatar,Avatar
site/app/layout/nav-content.js,徽章|Badge,Badge
site/app/layout/nav-content.js,底栏|Bottom Bar,Bottom Bar
site/app/layout/nav-content.js,按钮|Button,Button
site/app/layout/nav-content.js,卡片|Card,Card
site/app/layout/nav-content.js,内容|Content,Content
site/app/layout/nav-content.js,日期选择|Datepicker,Datepicker
site/app/layout/nav-content.js,对话框|Dialog,Dialog
site/app/layout/nav-content.js,分隔线|Divider,Divider
site/app/layout/nav-content.js,抽屉|Drawer,Drawer
site/app/layout/nav-content.js,空提示|Empty State,Empty State
site/app/layout/nav-content.js,表单|Forms,Forms
site/app/layout/nav-content.js,自动补全|Autocomplete,Autocomplete
site/app/layout/nav-content.js,多选框|Checkbox,Checkbox
site/app/layout/nav-content.js,纸片|Chips,Chips
site/app/layout/nav-content.js,文件选择|File,File
site/app/layout/nav-content.js,文本框|Input & Textarea,Input & Textarea
site/app/layout/nav-content.js,单选项|Radio,Radio
site/app/layout/nav-content.js,下拉选择|Select,Select
site/app/layout/nav-content.js,切换|Switch,Switch
site/app/layout/nav-content.js,文本高亮|Highlight,Highlight
site/app/layout/nav-content.js,图标|Icon,Icon
site/app/layout/nav-content.js,列表|List,List
site/app/layout/nav-content.js,菜单|Menu,Menu
site/app/layout/nav-content.js,进度条|Progress,Progress
site/app/layout/nav-content.js,消息提示|Snackbar,Snackbar
site/app/layout/nav-content.js,正在加载|Spinner,Spinner
site/app/layout/nav-content.js,步骤条|Steppers,Steppers
site/app/layout/nav-content.js,子标题|Subheader,Subheader
site/app/layout/nav-content.js,分页|Pagination,Pagination
site/app/layout/nav-content.js,表格|Table,Table
site/app/layout/nav-content.js,标签页|Tabs,Tabs
site/app/layout/nav-content.js,工具栏|Toolbar,Toolbar
site/app/layout/nav-content.js,气泡提示|Popover,Popover
site/app/layout/nav-content.js,悬浮提示|Tooltip,Tooltip
site/app/layout/nav-content.js,关于,Abount
site/app/layout/nav-content.js,许可证,License
site/app/pages/home/index.js,Jinge Material - 构建在 Jinge 框架上的 Material Design 组件库,Jinge Material - Material Desgin components built on jinge framework
site/app/pages/getting-started.html,Jinge Material 是构建在 jinge 框架上的 Material Design 组件库，此处假设你已经知道如何搭建基本的 jinge 框架的项目，比如如何在 webpack 中配置和使用 jinge-loader。,"Jinge Material is a Material Design component library built on the jinge framework. It is assumed here that you already know how to build a basic jinge framework project, such as how to configure and use jinge-loader in webpack."
site/app/pages/getting-started.html,jinge 框架还处于实验性的阶段，也还几乎没有文档。此处的 Jinge Material 组件库的文档也不保证有效。因此，体验 jinge 框架和 Jinge Material 组件库的最佳方式是直接克隆 Jinge Material 的源码仓库。这个仓库包含了所有组件的源码，以及一个涵盖所有组件的使用示例的完整应用（也就是你现在看到的这个网站）。,"The jinge framework is still experimental, and there is almost no documentation. The documentation for the Jinge Material component library here is also not guaranteed to be valid. Therefore, the best way to experience the jinge framework and Jinge Material component library is to clone Jinge Material's source code repository directly. This repository contains the source code for all components, as well as a complete application that covers all component usage examples (that is, the website you see now)."
site/app/pages/getting-started.html,安装,Install
site/app/pages/getting-started.html,要使用 Jinge Material 组件库，需要先通过 npm 或 yarn 的方式安装：,"To use the Jinge Material component library, you need to install it through npm or yarn first:"
site/app/pages/getting-started.html,使用,Usage
site/app/pages/getting-started.html,我们推荐使用编译后的发布版本，样式文件位于 jinge-material/dist 目录下，组件文件位于 jinge-material/lib 目录下。同时，我们推荐按需引入组件，这样可以获得最快地构建速度和开发体验。,"We recommend using the compiled release version. The style files are located in the jinge-material/dist directory and the component files are located in the jinge-material/lib directory. At the same time, we recommend introducing components as needed to get the fastest build speed and development experience."
site/app/pages/getting-started.html,在项目的入口 js 文件中引入样式和语言包：,Introduce styles and language packs in the project's entry js file:
site/app/pages/getting-started.html,在模板 html 文件中按需使用组件：,Use components as needed in the template html file:
site/app/pages/getting-started.html,"Jinge Material 组件库支持多种样式主题和多种语言，但没有默认的样式或语言。因此，只使用一种样式或语言也需要先主动注册资源。如果项目需要支持多种主题和语言，参看<ui-sref to=""i18n"">国际化</ui-sref>和<ui-sref to=""theme"">主题</ui-sref>章节。","Jinge Material component library supports multiple style themes and multiple languages, but there is no default style or language. Therefore, using only one style or language also requires proactive registration of resources. If your project needs to support multiple themes and languages, see the <ui-sref to=""i18n"">I18N</ui-sref> and <ui-sref to=""theme"">Theme</ui-sref> sections."
site/app/pages/getting-started.html,浏览器引入,Import in Browser
site/app/pages/getting-started.html,对于微服务架构的大型前端项目，可能多个动态加载的服务/模块都会使用 jinge 框架和Jinge Material 组件库，这种情况下需要在项目入口 index.html 中通过 script的方式引入样式、语言资源和组件库：,"For a large front-end project with a microservice architecture, it is possible that multiple dynamically loaded services / modules will use the jinge framework and the Jinge Material component library. In this case, you need to introduce styles, language resources and Component library:"
site/app/pages/getting-started.html,然后在模板 html 文中可以简单地引用组件：,Then you can simply reference the component in the template html text:
site/app/pages/getting-started.html,上述代码需要配置打包工具的外部依赖（比如 webpack 的 externals），让 jinge-material 实际指向 window.JingeMaterial 对象。,The above code needs to configure the external dependencies of the packaging tool (such as webpack externals) so that jinge-material actually points to the window.JingeMaterial object.
site/app/pages/getting-started.html,使用组件别名,Using component aliases
site/app/pages/getting-started.html,jinge 框架支持注册自定义组件别名，这样在模板 html 文件中可以不需要引入组件而直接使用。Jinge Material 组件库提供了默认的别名，只需要在 webpack.config.js 文件中注册即可：,"The jinge framework supports registering custom component aliases, so that you can use them directly in the template html file without importing components. The Jinge Material component library provides default aliases, just register in the webpack.config.js file:"
site/app/pages/getting-started.html,注册别名后，在模板 html 文件中，可以直接使用 <code>md-[component]</code> 这样格式的别名：,"After registering the alias, in the template html file, you can use the alias of the form <code>md-[component]</ code> directly:"
site/app/pages/getting-started.html,按需加载样式,Load styles on demand
site/app/pages/getting-started.html,上述的使用方式，都会完整引入全部的样式文件。你可以通过直接使用 Jinge Material 源码的形式，来按需加载样式和组件。你可以克隆这个脚手架项目，里面有完整的 webpack 的配置文件示例，此处不再赘述。,"The above usage methods will completely load all the style files. You can load styles and components on demand by using Jinge Material source code directly. You can clone this scaffolding project, which contains a complete example of a webpack configuration file, which will not be repeated here."
site/app/pages/getting-started.html,快速上手,Getting Started
site/app/pages/about.html,构建在 Jinge 框架上的 Material Design 组件库,Material Desgin components built on jinge framework
site/app/pages/about.html,作者,Author
site/app/pages/about.html,项目介绍,Introduction
site/app/pages/about.html,"<p>在长期的业务项目研发中，我探索并开发了一个和主流 mvvm 框架的核心都不同的 <a target=""_blank"" href=""https://github.com/YuhangGe/jinge"">Jinge</a> 框架。为了验证这个框架的能力，我决定在这个框架上开发一个 UI 组件库。</p><p>考虑到主要是为了快速验证 Jinge 框架的能力，并在组件库开发的过程中同步地不断完善这个框架，而不想在组件本身的开发上耗费过多精力，我决定直接从 <a target=""_blank"" href=""https://vuematerial.io"">Vue Material</a> 这个项目分叉（Fork）。</p><p>但由于 Jinge 框架和 Vue 框架除了在功能和使用方式上都保持了现代 mvvm 框架的一致性外，核心几乎完全不同，因此从 Vue Material 项目分叉后，会需要把整个项目除了 scss 样式之外的代码几乎全部重写。因此我并没有采用在 Github 平台上直接分叉（Fork）该项目的方式，而是另起炉灶新开了 Jinge Material 仓库。所以更准确的说法是，Jinge Materail 项目移植（Port）自 Vue Material 项目。</p><p>Jinge Material 在移植自 Vue Material 项目的过程中，同时也参考 <a href=""https://ant.design"" target=""_blank"">Ant Design</a> 等现代组件库，对项目的目录结构和各别组件的设计进行了重构。中文相关的翻译，也大量参考了 Ant Design。</p>","<p>In the long-term business project development, I explored and developed a mvvm framework named <a target=""_blank"" href=""https://github.com/YuhangGe/jinge"">jinge</a> which is different from other frameworks. To verify the capabilities of jinge mvvm framework, I decided to develop a UI library named jinge-material with jinge mvvm framework. </p><p>Considering that jinge-material is mainly to verify the capabilities of the jinge mvvm framework and to continuously improve the jinge mvvm framework, I don't want to spend too much effort on developing components. So I decided to fork directly from the <a target=""_blank"" href=""https://vuematerial.io"">vue-material</a> project.</p><p>But since the cores of jinge framework and the vue framework are almost completely different, I need to rewrite almost all of the code except the scss style for the entire project. So I didn't fork the project directly on github, but instead created a new project. So more accurately, jinge-material is ported from the vue-material. </p>"
site/app/pages/about.html,关于,About
site/app/pages/home/index.html,构建在 Jinge 框架上的 Material Design 组件库,Material Desgin components built on jinge framework
site/app/pages/home/index.html,快速上手,Getting Started
site/app/pages/home/index.html,浏览组件,Components
site/app/pages/home/index.html,精准实现 Google Material Design 设计规范。,Built exactly according to the Google Material Design specs.
site/app/pages/home/index.html,适配所有主流的现代浏览器，支持移动设备的响应式。,Fit on every screen with support for all modern Web and Mobile Browsers.
site/app/pages/home/index.html,支持多皮肤主题，国际化多语言等丰富全面的功能。,"Support multi-themes, i18n and more features."
site/app/pages/advance/i18n.html,国际化,I18N
site/app/pages/advance/i18n.html,jinge 框架还处于实验性的 alpha 阶段，也还几乎没有文档。此处的 Jinge Material 组件库的文档也不保证有效。,The jinge framework is still experimental and there is almost no documentation. The documentation for the Jinge Material component library here is also not guaranteed to be valid.
site/app/pages/advance/i18n.html,Jinge Material 组件库没有直接依赖 jinge 框架内置的国际化方案，而是自己实现了一套国际化方案。因为使用 Jinge Material 组件的项目不一定需要支持多语言。接下来会分不同的情况，介绍如何使用不同语言的 Jinge Material 组件。,"The Jinge Material component library does not directly rely on the internationalization scheme built into the jinge framework, but implements a set of internationalization schemes by itself. Because projects using Jinge Material components do not necessarily need to support multiple languages. Next, I will introduce how to use Jinge Material components in different languages in different situations."
site/app/pages/advance/i18n.html,使用 npm 或 yarn 包,Use npm or yarn packages
site/app/pages/advance/i18n.html,项目只使用一种语言,Project uses only one language
site/app/pages/advance/i18n.html,如果只需要支持一种语言，只需要在项目的入口文件里，加入以下的代码：,"If you only need to support one language, just add the following code to the project's entry file:"
site/app/pages/advance/i18n.html,Jinge Material 组件库没有默认的语言，因此必须指定语言并引入语言资源。,"The Jinge Material component library does not have a default language, so you must specify a language and import language resources."
site/app/pages/advance/i18n.html,项目使用多种语言,Project uses multiple languages
site/app/pages/advance/i18n.html,如果需要支持多种语言，建议一次性将项目需要支持的语言资源全部引入。这样做的好处是切换语言时不再需要额外的通过 ajax 加载资源的逻辑，并且 Jinge Material 的语言资源也很小，不会引入带宽负担。加载的资源可以存放在某个 service 中，比如：,"If you need to support multiple languages, it is recommended to introduce all the language resources that the project needs to support at one time. The advantage of this is that no additional logic for loading resources through ajax is needed when switching languages, and the language resources of Jinge Material are also very small, which will not introduce bandwidth burden. Loaded resources can be stored in a service, such as:"
site/app/pages/advance/i18n.html,然后将上述的 service 暴露给业务层，比如项目的入口文件设置默认语言，或者在某个按钮的点击事件中切换语言：,"Then expose the above service to the business layer, such as setting the default language for the entry file of the project, or switching the language in the event of a button click:"
site/app/pages/advance/i18n.html,使用浏览器引入的 script,Import script in browser
site/app/pages/advance/i18n.html,通过浏览器引入 script 的方式使用 Jinge Material 时，多语言资源文件需要保证在 jinge-material.min.js 文件之后执行。语言资源文件会向 `JingeMaterial` 对象的 `locales` 属性字典写入对应的值。然后在业务代码中，只需要使用这个 `locales` 属性，即可得到所有语言资源。,"When using Jinge Material through the browser to import script, the multilingual resource file needs to be guaranteed to be executed after the jinge-material.min.js file. The language resource file writes the corresponding values to the locales attribute dictionary of the JingeMaterial object. Then in the business code, just use this `locales` property to get all the language resources."
site/app/pages/advance/i18n.html,具体来讲，在 html 文件中，用如下的方式加载 script：,"Specifically, in the html file, load the script as follows:"
site/app/pages/advance/i18n.html,也可以一次性加载涵盖所有语言资源的包（Gzip 压缩和 CDN 加载后，加载全部语言资源也几乎不影响启动速度）：,"It is also possible to load a package that covers all language resources at once (after Gzip compression and CDN loading, loading all language resources has almost no impact on startup speed):"
site/app/pages/advance/i18n.html,然后在业务 js 代码中，用如下的方式配置默认语言（或切换语言）：,"Then in the business js code, configure the default language (or switch languages) as follows:"
site/app/pages/advance/i18n.html,上述代码需要在打包工具中配置对 jinge-material 的引用指向 window.JingeMaterial 对象，比如 webpack.config.js 中配置 externals。,"The above code needs to configure the reference to jinge-material in the packaging tool to point to the window.JingeMaterial object, such as externals in webpack.config.js."
site/app/pages/advance/i18n.html,补充,Supplement
site/app/pages/advance/i18n.html,通过 npm 或 yarn 包的方式使用 jinge-materail，但又一定要用 ajax 的方式按需加载语言资源，可以有不同的实现方式。其中一种方式是，以文本的形式 fetch 到语言资源的源码，然后通过 `new Function()` 的形式包裹并执行该源码，同时传递一个 `JingeMaterial` 对象给上下文：,"If you wan’t to use jinge-materail through npm or yarn packages and use ajax to load language resources on demand, there are different implementations. One way is to fetch the source code of the language resource in text form, then wrap and execute the source code in the form of `new Function ()`, while passing a `JingeMaterial` object to the context:"
site/app/pages/advance/use-router.html,路由整合,Use Router
site/app/pages/advance/use-router.html,jinge 框架没有实现内置的路由功能，取而代之的是基于 @uirouter/core 的 jinge-ui-router 库。在 Jinge Material 组件库中，个别组件可以直接集成 jinge-ui-router 的路由功能。,"The jinge framework does not implement built-in routing functions, instead it uses the jinge-ui-router library based on @uirouter/core. In the Jinge Material component library, individual components can directly integrate the routing functions of jinge-ui-router."
site/app/pages/advance/use-router.html,"这些组件目前包括：<UISref to=""components.button"" text=""md-button""/>、<UISref to=""components.list"" text=""md-list-item""/>、<UISref to=""components.bottom-bar"" text=""md-bottom-bar""/> 和 <UISref to=""components.list"" text=""md-tab""/>。在这些组件上，可以直接使用 <code>ui-sref</code> 组件的 to、params、target 和 active 属性。详见这些组件的示例。","These components currently include: <UISref to=""components.button"" text=""md-button""/>, <UISref to=""components.list"" text=""md-list-item""/>, <UISref to=""components.bottom-bar"" text=""md-bottom-bar""/> and <UISref to=""components.list"" text=""md-tab""/>. On these components, you can use the to, params, target, and active attributes of the <code>ui-sref</ code> component directly. See examples of these components for details."
site/app/pages/advance/use-router.html,需要说明的是，Jinge Material 组件库并不直接依赖 jinge-ui-router，而是利用 jinge 框架的 Context 功能，在需要的时候通过 GET_CONTEXT 来获取上下文中的路由器。也就是说，如果不需要使用上述组件的路由功能，则不需要安装jinge-ui-router 库。但如果使用了路由功能（为上述组件指定了 to 属性），但没有在整个项目中启用 jinge-ui-router，则会报错。,"It should be noted that the Jinge Material component library does not directly rely on jinge-ui-router, but uses the context of the jinge framework to obtain the router in the context through GET_CONTEXT when needed. In other words, if you do not need to use the routing function of the above components, you do not need to install the jinge-ui-router library. However, if the routing function is used (the to attribute is specified for the above components) and jinge-ui-router is not enabled in the entire project, an error will be reported."
site/app/pages/advance/theme.html,主题,Theme
site/app/pages/advance/theme.html,"Jinge Material 组件库<ui-sref to=""about"">移植自 Vue Material</ui-sref>，但在多主题的支持上，进行了彻底地重构。主要包括两个方面：","Jinge Material component library is <ui-sref to = ""about"">ported from vue-material</ ui-sref>, but it has been completely refactored with support for multiple themes. It mainly includes two aspects:"
site/app/pages/advance/theme.html,完全依赖 CSS 变量（css3 variable）来实现颜色的指定和色板的切换。,Completely rely on CSS variable to achieve the color designation and swatch switching.
site/app/pages/advance/theme.html,完全遵循 Material Design 最新的设计规范中关于色板的规定，包括暗色主题。,"Full compliance with Material Design’s latest design specifications, including dark theme."
site/app/pages/advance/theme.html,预置主题,Pre-built themes
site/app/pages/advance/theme.html,Jinge Material 提供了 4 个预先构建好的主题，包括蓝色（default）、紫色（purple）、暗色蓝（default-dark）和暗色紫（purple-dark）。构建好的主题文件位于 <code>dist/themes</code> 目录下，使用时只需要和主样式文件一起加载即可：,"Jinge Material provides 4 pre-built themes, including default, purple, default-dark and purple-dark. The theme files are located at <code>dist/themes</ code> directory. You only need to load it with the main style file when using it:"
site/app/pages/advance/theme.html,自定义主题,Custom themes
site/app/pages/advance/theme.html,自定义主题可以通过加载自定义的主题文件（即色板文件）实现。色板里颜色的定义严格遵循 Material Design 的规范。可在参考 dist 目录下构建好的色板 css 文件创建自定义色板文件，也可以参考下面的 scss 源码创建并构建色板文件：,"Custom themes can be implemented by loading custom theme files (ie palette files). The definition of colors in palette strictly follows the specifications of Material Design. You can create a custom palette file in the referenced css file located at the dist directory, or you can refer to the following scss source code to create and build a palette file:"
site/app/pages/advance/theme.html,切换主题,Switch theme
site/app/pages/advance/theme.html,组件的颜色全部通过 CSS 变量引用色板中定义的颜色，因此切换主题只需要简单地替换色板文件即可。从技术角度讲，替换色板本质上是替换(覆盖) CSS 变量的值。,"The colors of the components all refer to the colors defined in the palette through CSS variables, so switching themes requires simply replacing the palette. Technically speaking, replacing a palette is essentially replacing (overriding) the value of a CSS variable."
site/app/pages/advance/theme.html,有多种方式可以实现替换（覆盖）CSS 变量的值。一种简单的方案是，在 html 中加载默认的色板时，为 <code>link</code> 元素赋予 id 属性，然后在切换主题的 js 逻辑里，通过这个 id 删除旧的<code>link</code> 元素，然后插入一个指向新主题色板的 css 文件的 <code>link</code> 元素。,"There are several ways to replace (overwrite) the values of CSS variables. A simple solution is to assign the id attribute to the <code>link</ code> element when loading the default theme file in html. When switching theme, delete the old <code>link</code> by this id and insert a new <code>link</ code> element pointing to a css file for the new theme."
site/app/components/code-example.html,显示示例,View demo
site/app/components/code-example.html,显示 javascript 代码,Show javascript code
site/app/components/code-example.html,显示 html 代码,Show html code
site/app/components/code-example.html,显示 scss 代码,Show scss code
site/app/pages/ui-elements/states/apis.js,名称,Name
site/app/pages/ui-elements/states/apis.js,描述,Description
site/app/pages/ui-elements/states/apis.js,对应 Material Design States 规范里的 Container，指定状态的容器层。,Corresponds to the Container in the Material Design States specification and specifies the container layer for the state.
site/app/pages/ui-elements/states/apis.js,对应 Material Design States 规范里的 Overlay，指定状态的悬停层。,"Corresponds to the Overlay in the Material Design States specification, the hover layer of the specified state."
site/app/pages/ui-elements/states/apis.js,对应 Material Design States 规范里的 Content，指定状态的内容层。,"Corresponds to Content in the Material Design States specification, specifying the content layer of the state."
site/app/pages/ui-elements/states/apis.js,指定使用设计规范里的 Content: On Surface 类型。,Specifies to use the Content: On Surface type from the design specification.
site/app/pages/ui-elements/states/apis.js,指定使用设计规范里的 Content: Primary 类型。,Specifies to use the Content: Primary type from the design specification.
site/app/pages/ui-elements/states/apis.js,指定使用设计规范里的 Content: On Primary 类型。,Specifies to use the Content: On Primary type from the design specification.
site/app/pages/ui-elements/states/index.html,状态包括悬停，点击，焦点，禁用等情况下的交互响应。Material Design 使用 Content/Overlay/Container 三层模型来统一了状态的设计。,"The status includes interactive responses under hover, click, focus, disable, etc. Material Design uses a three-layer model of Content / Overlay / Container to unify the design of states."
site/app/pages/ui-elements/states/index.html,状态,States
site/app/pages/ui-elements/typography/apis.js,名称,Name
site/app/pages/ui-elements/typography/apis.js,描述,Description
site/app/pages/ui-elements/typography/apis.js,对应于 Material Design 设计规范中的 Headline 1 样式。,Corresponds to the headline-1 style in the Material Design specification.
site/app/pages/ui-elements/typography/apis.js,对应于 Material Design 设计规范中的 Headline 2 样式。,Corresponds to the headline-2 style in the Material Design specification.
site/app/pages/ui-elements/typography/apis.js,对应于 Material Design 设计规范中的 Headline 3 样式。,Corresponds to the headline-3 style in the Material Design specification.
site/app/pages/ui-elements/typography/apis.js,对应于 Material Design 设计规范中的 Headline 4 样式。,Corresponds to the headline-4 style in the Material Design specification.
site/app/pages/ui-elements/typography/apis.js,对应于 Material Design 设计规范中的 Headline 5 样式。,Corresponds to the headline-5 style in the Material Design specification.
site/app/pages/ui-elements/typography/apis.js,对应于 Material Design 设计规范中的 Headline 6 样式。,Corresponds to the headline-6 style in the Material Design specification.
site/app/pages/ui-elements/typography/apis.js,对应于 Material Design 设计规范中的 Subtitle 1 样式。,Corresponds to the subtitle-1 style in the Material Design specification.
site/app/pages/ui-elements/typography/apis.js,对应于 Material Design 设计规范中的 Subtitle 2 样式。,Corresponds to the subtitle-2 style in the Material Design specification.
site/app/pages/ui-elements/typography/apis.js,对应于 Material Design 设计规范中的 Body 1 样式。,Corresponds to the body-1 style in the Material Design specification.
site/app/pages/ui-elements/typography/apis.js,对应于 Material Design 设计规范中的 Body 2 样式。,Corresponds to the body-2 style in the Material Design specification.
site/app/pages/ui-elements/typography/apis.js,对应于 Material Design 设计规范中的 Caption 样式。,Corresponds to the caption style in the Material Design specification.
site/app/pages/components/checkbox/index.html,多选框,Checkbox
site/app/pages/components/bottom-bar/api.js,名称,Name
site/app/pages/components/bottom-bar/api.js,描述,Description
site/app/pages/components/bottom-bar/api.js,默认值,Default
site/app/pages/components/bottom-bar/api.js,设置显示模式。请参见下面每种类型的详细说明。,Sets the display mode. See below the detailed description of each type.
site/app/pages/components/bottom-bar/api.js,用固定项目制作栏。适合少量元素。,Makes the bar with fixed items. Good for a small amount of items.
site/app/pages/components/bottom-bar/api.js,突出显示所选项目，并隐藏其他项目的标签。适合最多达 6 个的大量元素。,Highlights the selected item and hide the label from the others. Good for a large amount of items. Up to 6.
site/app/pages/components/bottom-bar/api.js,动态更改所选项目，通过传递底部栏项目的 id 来实现。,Dynamically changes the selected item. Works passing the ID of a bottom bar item.
site/app/pages/components/bottom-bar/api.js,项目的编号，需要动态更改所选项目时可指定,The item id. Used when changing the selected item dynamically
site/app/pages/components/bottom-bar/api.js,禁用底部栏，阻止包括单击在内的所有操作。,Disable the bottom bar preventing the click on it and all actions.
site/app/pages/components/bottom-bar/index.html,底部导航栏使您轻松单击即可浏览和在顶级视图之间切换。,Bottom navigation bars make it easy to explore and switch between top-level views in a single tap. 
site/app/pages/components/bottom-bar/index.html,和 jinge-ui-router 无缝结合,Seamless integration with jinge-ui-router
site/app/pages/components/bottom-bar/index.html,移位效果,Shift effect
site/app/pages/components/bottom-bar/index.html,可以在底栏上使用超棒的移位效果。可以最多同时展示 6 个项目，并让活动项目保持焦点：,You can also use the awesome shift effect on your bars. It is great to keep the focus of the active item and you can show up to 6 items at once:
site/app/pages/components/bottom-bar/index.html,底栏,Bottom Bar
site/app/pages/components/datepicker/api.js,名称,Name
site/app/pages/components/datepicker/api.js,描述,Description
site/app/pages/components/datepicker/api.js,默认值,Default
site/app/pages/components/datepicker/api.js,绑定所选日期的值,Bind the selected date
site/app/pages/components/datepicker/api.js,禁用日期。必须是接受4个参数（年，月，日，星期几）的函数。,"The optional disabled dates. Must be Function which accepts 4 arguments (year, month, date, weekday)."
site/app/pages/components/datepicker/api.js,禁用焦点事件，仅在用户单击图标时打开。,Disable the on focus event. Will open only if the user clicks on the icon.
site/app/pages/components/datepicker/api.js,选择日期而不进行确认，然后立即关闭对话框。,Select the date without confirm and close the dialog immediately.
site/app/pages/components/datepicker/api.js,通过将输入类型更改为文本来覆盖原生的日期选择器。,Override native browser pickers by changing type of input to text.
site/app/pages/components/datepicker/api.js,防反跳纯文本到日期对象的转换。如果您的用户输入速度较慢，则设置为较长的时间；如果用户的输入速度非常快，则设置为较短的时间。,"Debounces the conversion of plaintext into a date object. Set to a longer time if your users type slowly, or shorter if your users type really fast."
site/app/pages/components/datepicker/api.js,参数,Parameters
site/app/pages/components/datepicker/api.js,选择/单击日期选择器日期时触发,Triggered when a date is clicked.
site/app/pages/components/datepicker/api.js,单击确认按钮时触发,Triggered when Confirm button is clicked.
site/app/pages/components/datepicker/api.js,当日期选择器对话框打开时触发,Triggered when a datepicker dialog opens
site/app/pages/components/datepicker/api.js,当日期选择器对话框关闭时触发,Triggered when a datepicker dialog closes
site/app/pages/components/datepicker/index.html,日期选择器通过弹出一个对话窗口，让用户从预定日期集中选择单个日期。该组件可以禁用日期，并且非常易于使用。,Datepickers use a dialog window and provide a simple way to select a single value from a pre-determined set. The component can have disabled dates and it's really easy to use.
site/app/pages/components/datepicker/index.html,简单选择器,Basic datepicker
site/app/pages/components/datepicker/index.html,焦点时不自动打开,Cancel open on focus
site/app/pages/components/datepicker/index.html,默认情况下，日期选择器会在输入框获取焦点时自动打开。这将使得用户无法手动输入日期。您可以禁用此行为：,By default Datepicker component open on focus to it's input. This will make the input useless and the user will not be able to type the date manually. You can disable this behavior:
site/app/pages/components/datepicker/index.html,立即选中模式,Immediately selection
site/app/pages/components/datepicker/index.html,选择日期后，可以使“日期选择器”对话框立即关闭。该日期将立即被选择，而无需任何其他确认或用户操作：,The Datepicker dialog can be made to close instantly after a date is selected. The date will be selected immediately without any additional confirmation or user action:
site/app/pages/components/datepicker/index.html,禁用部分日期,Disabled dates
site/app/pages/components/datepicker/index.html,有时您可能需要禁用某些日期的选择。下面这个例子是只想让用户选择工作日的示例：,Sometimes you may need to disable certain dates from being selected. Let's suppose that you want to let the user select only week days:
site/app/pages/components/datepicker/index.html,日期选择器,Datepicker
site/app/pages/components/datepicker/examples/basic.html,请选择日期,Please choose date
site/app/pages/components/datepicker/examples/basic.html,选择日期,Select Date
site/app/pages/ui-elements/layout/apis.js,名称,Name
site/app/pages/ui-elements/layout/apis.js,描述,Description
site/app/pages/ui-elements/layout/apis.js,宽度,Width
site/app/pages/ui-elements/layout/apis.js,适用于最大 599px 宽的屏幕，比如大、中、小型人像手机以及纵向的小型平板电脑。,"Applicable to screens that are maximum 599px wide. For small, medium and large handsets in portrait. Also applies to small tablets in portrait."
site/app/pages/ui-elements/layout/apis.js,适用于宽度介于 600 像素到 959 像素之间的屏幕，比如中型和大型手机、纵向模式的小型和大型平板电脑以及某些台式机显示器。,Applicable to screens that are between 600px and 959px wide. For medium and large handsets in landscape. For small and large tablets in portrait mode and for some desktop monitors.
site/app/pages/ui-elements/layout/apis.js,适用于 960 像素至 1279 像素之间的屏幕，比如横向和台式显示器中的小型和大型平板电脑。,Applicable to screens that are between 960px and 1279px wide. For small and large tablets in landscape and desktop monitors.
site/app/pages/ui-elements/layout/apis.js,适用于 1280 像素至 1919 像素之间的屏幕，比如大型台式机显示器。,Applicable to screens that are between 1280px and 1919px wide. For large desktop monitors.
site/app/pages/ui-elements/layout/apis.js,适用于宽于 1920 像素的屏幕，比如大型台式机显示器或并排屏幕。,Applicable to screens wider than 1920px. For huge desktop monitors or side-by-side screens.
site/app/pages/ui-elements/layout/apis.js,屏幕大小,Screen Size
site/app/pages/ui-elements/layout/apis.js,间隙,Gutter Value
site/app/pages/ui-elements/layout/apis.js,布局项目之间使用自动计算的间隙。,Enable the automatic gutter space between layout items.
site/app/pages/ui-elements/layout/apis.js,默认情况下，布局项目将始终包装在父布局下。 如果要禁用此行为，请使用此类，但是响应性将不起作用。,"By default the layout items will always be wrapped under the parent layout. Use this class if you want to disable this behaviour, but the responsiveness will not work."
site/app/pages/ui-elements/layout/apis.js,设置所有子项的对齐方式，仅当 [x] 和 [y] 同时存在时，对齐方式才有效，例如 <code>md-alignment-top-center</code>。 可能的值包括：,Sets the alignment of all children based on a value per coordinate. The alignment only works if both x and y are present e.g. <code>md-alignment-top-center</code>. The possible values are:
site/app/pages/ui-elements/layout/apis.js,设置元素的布局大小，按百分比计算，[amount] 可以是 33、66 或 5 的倍数，例如 <code>md-size-25</code>。,"Sets a size to a particular item. The value can be multiples of 5, e.g. <code>md-size-25</code>. Also accepts 33, 66 and 100 for easy prototyping."
site/app/pages/ui-elements/layout/apis.js,设置元素在特定断点下的布局大小，可能的值包括：,"Sets a size to a particular item for a particular breakpoint. The breakpoints follow the <a href=""https://material.io/guidelines/layout/responsive-ui.html#responsive-ui-breakpoints"" target=""_blank"">Material Design guidelines</a> for layout. The possible values are:"
site/app/pages/ui-elements/layout/apis.js,设置元素在特定断点下隐藏，可能的值包括：,"Hides a particular element for a particular breakpoint. The breakpoints follow the <a href=""https://material.io/guidelines/layout/responsive-ui.html#responsive-ui-breakpoints"" target=""_blank"">Material Design guidelines</a> for layout. The possible values are:"
site/app/pages/ui-elements/layout/index.html,Material Design 中的响应式布局可适应任何可能的屏幕尺寸，该布局方案包括一个灵活的网格系统，以确保各个布局之间的一致性。,"Responsive layouts in material design adapt to any possible screen size. This UI guidance includes a flexible grid that ensures consistency across layouts, breakpoints that detail about how the contents reflow on different screens and a description of how an app can scale from small to extra-large screens."
site/app/pages/ui-elements/layout/index.html,断点,Breakpoints
site/app/pages/ui-elements/layout/index.html,使用断点来控制响应式布局：,Use breakpoints for responsiveness:
site/app/pages/ui-elements/layout/index.html,列布局,Column Layout
site/app/pages/ui-elements/layout/index.html,列布局系统通过 css 的 flexbox 实现，从而提供了灵活而便捷的 API。,The layout system is essentially based on columns and makes use of the flexbox to be flexible enough and thereby gives you the best experience with a great and easy API.
site/app/pages/ui-elements/layout/index.html,使用布局系统，需要先创建一个 <code>md-layout</code> 的父元素，然后在其下创建任意数量的 <code>md-layout-item</code> 列表：,"What you have to do to get started with layouts is to create a <code>md-layout</code> parent element, that will hold a list of <code>md-layout-item</code>. You can set up as many columns as you want using <code>md-layout-item</code>:"
site/app/pages/ui-elements/layout/index.html,默认情况下，布局项之间没有间隙。可以设置为基于屏幕宽度和断点自动计算元素之间的间距：,"By default layout items do not have space between each other. Regular layouts would rather prefer to have spaces between the layout items, like a list of card, for example. You can set Vue Material to calculate automatically the space between elements and these spaces are based on the screen width, using the breakpoints:"
site/app/pages/ui-elements/layout/index.html,试试调整浏览器的大小并观察布局变化：,Look at this piece of code and resize your browser to see the changes:
site/app/pages/ui-elements/layout/index.html,布局列也可用于嵌套布局：,Layout columns also work with nested layouts:
site/app/pages/ui-elements/layout/index.html,可以指定 <code>md-layout</code> 使用不同的对齐方式，并可以对 <code>md-alignment-[horizontal]-[vertical]</code> 类进行水平和垂直对齐的各种组合，例如，<code>md-alignment-top-center</code>。对齐在父元素上起作用，它将更改所有子项的位置：,"You can use layouts for almost anything in your app, even for small parts. To help you with that you can have different alignments for <code>md-layout</code> with various combinations of horizontal and vertical alignments to the <code>md-alignment-[horizontal]-[vertical]</code> class, e.g. <code>md-alignment-top-center</code>. The alignment works on the parent element and it will change the position of all the child items:"
site/app/pages/ui-elements/layout/index.html,使用 <code>md-size-[amount]</code> 可以指定元素在布局中的大小，例如 <code>md-size-30</code>。其中，[amount] 的值可以是 33、66 或 5 的倍数。,"In the previous examples the layout system did the calculation of the size of the child items based on the no. of items. But if you want to set size for each item, you can simply set the class, <code>md-size-[amount]</code>, to the item that you want, e.g. <code>md-size-30</code>. The size are always in % and the values can be multiple of 5 and also accepts the values 33 and 66."
site/app/pages/ui-elements/layout/index.html,不是所有元素都必须指定布局大小。对于没有指定大小的元素，会自动计算其大小：,"You don't even need to set the size for all elements, as the flexbox model will calculate the size for the remaining items. Cool, uh?"
site/app/pages/ui-elements/layout/index.html,使用 <code>md-[breakpoint]-size-[amount]</code> 可以基于断点来更改布局大小。尝试调整浏览器的大小：,"A layout system is not good enough if it is not responsive. In the last example you saw fluid layout sizes, but you can change them based on the breakpoint name, by just giving a different class for each breakpoint that you may want. The class is <code>md-[breakpoint]-size-[amount]</code> and works just like the last example. The layout engine of Vue Material will do the magic. Try to resize your browser:"
site/app/pages/ui-elements/layout/index.html,可以使用 <code>md-[breakpoint]-hide</code> 类来实现在较小屏幕上隐藏某个元素：,"Although this is not the best option, it is quite common to hide elements on smaller screen. You can do that using the <code>md-[breakpoint]-hide</code> classes:"
site/app/pages/ui-elements/layout/index.html,以下类可以被应用到任何 HTML 元素上：,The following classes can be applied to any HTML Element:
site/app/pages/ui-elements/layout/index.html,以下类可以应用于任何<code>md-layout</code>的直接子元素：,The following classes can be applied to any HTML Element that are direct children of <code>md-layout</code>:
site/app/pages/ui-elements/layout/index.html,布局,Layout
site/app/components/code-block.html,复制,Copy
site/app/pages/components/card/api.js,名称,Name
site/app/pages/components/card/api.js,描述,Description
site/app/pages/components/card/api.js,默认值,Default
site/app/pages/components/card/api.js,卡片在鼠标悬停时启用阴影（elevation）效果,Enables full hover elevation in card.
site/app/pages/components/card/api.js,操作按钮的对齐方式,Alignment of action buttons.
site/app/pages/components/card/api.js,使用 inset 类型的边框,Applies a inset border.
site/app/pages/components/card/api.js,自动调整大小或裁剪图像。可选比例包括：1:1、1/1、4:3、4/3、16:9 或 16/9。,"Resizes or clip the image automatically based on the following options: 1:1 or 1/1, 4:3 or 4/3 and 16:9 or 16/9."
site/app/pages/components/card/api.js,指定使用中等大小的媒介。仅在 md-card-header 内部起作用。,Applies medium size to the media. Works only inside md-card-header.
site/app/pages/components/card/api.js,指定使用大尺寸的媒介。仅在 md-card-header 内部起作用。,Applies big size to the media. Works only inside md-card-header.
site/app/pages/components/card/api.js,根据图像应用自动计算出来的渐变背景。此选项通过提取图像上的明暗度来应用背景颜色，从而增加了文本的清晰度。如果图像较暗，则文本的背景会更亮。如果不是很暗，则背景会更暗。,"Applies a gradient background based on the image. This option increases the legibility of the text, applying background colors by extracting the amount of lightness on the image. If the image is dark the background of the text will be lighter. If it's not dark then the background will be darker. This will be calculated automatically."
site/app/pages/components/card/api.js,以与 textScrim 相同的计算逻辑应用纯色背景。,Applies a solid background with the same calculation logic of the textScrim.
site/app/pages/components/card/index.html,卡片可能包含照片，文字和超链接。它们可能会显示包含大小可变的元素的内容，例如带有可变长度标题的照片。,"Cards may contain a photo, text, and a link about a single subject. They may display content containing elements of varying size, such as photos with captions of variable length."
site/app/pages/components/card/index.html,卡片被拆分成了非常细的子组件。卡片的每个部分都是一个组件。可以按照示例的相同逻辑以任意顺序组合它们。,"The cards components are very granular. Every single part of a card is a component. You can combine them in any order that you'd like, following the same logic of the examples."
site/app/pages/components/card/index.html,常规卡片,Regular Cards
site/app/pages/components/card/index.html,最简单的卡片由卡片头（header）、内容区（content area）和动作按钮（action buttons）构成，依次对应组件 <code>md-card-header</code>、<code>md-card-content</code> 和 <code>md-card-actions</code>。卡片头可以包含标题和副标题，依次通过类 <code>.md-title</code> 和 <code>.md-subhead</code> 指定。内容区可以包含各种文本和图片。动作按钮通常包含 <code>md-button</code> 组件。,"The simplest card structure has a header, content area and action buttons, defined by <code>md-card-header</code>, <code>md-card-content</code> and <code>md-card-actions</code>, respectively. The header may contain a title and a subtitle <code>div</code> or <code>span</code> with classes <code>.md-title</code> and <code>.md-subhead</code>. In the content area, you may use any kind of text elements and for the actions, use at most two <code>md-buttons</code>."
site/app/pages/components/card/index.html,如果想在用户将鼠标悬停在卡片上时添加阴影（elevation），请添加 <code>withHover</code>属性。还可以添加波纹效果，只需要将 <code>md-card</code> 的包裹在 <code>md-ripple</code> 组件里。,"If you want to elevate the card as the user hovers over it, add the <code>withHover</code> property. You can also add a ripple effect in combination with the elevation behavior. For doing so, wrap the <code>md-card</code>'s content in a <code>md-ripple</code> tag."
site/app/pages/components/card/index.html,带图片的卡片,Cards with Images
site/app/pages/components/card/index.html,为了给卡片增添视觉吸引力，可以在 <code>md-header</code> 标签内添加包含有图片（<code>img</code> 标签）的 <code>md-card-media</code> 组件。使用属性 <code>md-medium</code> 和 <code>md-big</code> 可以将图像大小增加到中等或大尺寸。,"To add visual appeal to your cards, you can add images inside the <code>md-header</code> tag with a <code>md-card-media</code> wraping an <code>img</code> tag. It's possible to increase the image size to medium or big with the properties <code>md-medium</code> and <code>md-big</code>."
site/app/pages/components/card/index.html,尽管对于纯文本标题不是必需的，但是当使用 <code>md-card-media</code>时，标题和副标题应包裹在 <code>md-card-header-text</code> 组件周围。,"Although not necessary with text-only headers, when using a <code>md-card-media</code>, the title and subtitle should be wrapped around a <code>md-card-header-text</code> tag."
site/app/pages/components/card/index.html,对于侧面带有操作图标按钮的无文本卡片，请将卡片内容包裹在 <code>md-card-media-actions</code> 组件内。,"For a text-free card with action icon buttons on the side, wrap the card content inside a <code>md-card-media-actions</code> component."
site/app/pages/components/card/index.html,如果要使图像充满整个卡片区域，请将卡片内容包装在 <code>md-card-media-cover</code> 组件内。它的基本结构包括以下组件：,"If you want the image to fill the whole card area, wrap the card content inside a <code>md-card-media-cover</code> component. Its basic structure comprises the following components:"
site/app/pages/components/card/index.html,<code>md-card-media</code>，用于展示图片。图片的缩放比例可以通过 <code>md-card-media</code> 组件的 <code>md-ratio</code> 属性控制。,"<code>md-card-media</code>, where you specify the imagine with an <code>img</code> tag. The image's aspect ratio can be specified with <code>md-card-media</code>'s <code>md-ratio</code> property;"
site/app/pages/components/card/index.html,<code>md-card-area</code>，用于有卡片头（<code>md-header</code>）和动作（<code>md-card-actions</code>）的情况。,"<code>md-card-area</code>, where header (<code>md-header</code>) and actions (<code>md-card-actions</code>) are specified."
site/app/pages/components/card/index.html,如果背景图片和标题之间的对比度不足，则后者将无法清晰辨认。为了解决这个问题，请使用 <code>md-card-media-cover</code>的属性 <code>solid</code> 或 <code>textScrim</code>。,"If there isn't sufficient contrast between background image and title, the latter won't be perfectly legible. To overcome that, apply a solid or gradient background to the text by using the <code>md-card-media-cover</code>'s properties <code>solid</code> or <code>textScrim</code>, respectively."
site/app/pages/components/card/index.html,不同底色的卡片,Themes
site/app/pages/components/card/index.html,为卡片添加 <code>.md-primary</code> 或 <code>.md-accent</code> 类可以指定卡片底色。,Your cards will stand out if you change their base color... And you can do it by applying themes! Just add a <code>.md-primary</code> or <code>.md-accent</code> class on them.
site/app/pages/components/card/index.html,可展开的卡片,Expansion Control
site/app/pages/components/card/index.html,为避免卡内信息过多或使卡片的高度不超过最大高度，可以将补充信息隐藏在可扩展区域内。,"To avoid too much information inside a card, or keep its height from exceeding the maximum height, hide supplementary information inside a expansible area."
site/app/pages/components/card/index.html,使用  <code>md-card-expand</code> 组件可以实现可展开卡片，同时需要搭配 <code>md-card-expand-content</code> 用于展示内容，以及 <code>md-card-action</code> 用于提供一个触发展开动作的 <code>md-card-expand-trigger</code> 组件。,"It can be done with the <code>md-card-expand</code> component, that has a <code>md-card-action</code> with a <code>md-card-expand-trigger</code> that toggles a <code>md-card-expand-content</code>."
site/app/pages/components/card/index.html,不同布局的卡片,Different Layouts
site/app/pages/components/card/index.html,可以通过许多不同的方式组合这些和其他组件。比如下面的例子：,That's pretty much it. You can now combine these and other components in many distinct ways. Here are some examples:
site/app/pages/components/card/index.html,卡片,Card
site/app/pages/components/button/api.js,名称,Name
site/app/pages/components/button/api.js,描述,Description
site/app/pages/components/button/api.js,默认值,Default
site/app/pages/components/button/api.js,直接传递到原生 &lt;button&gt; 元素的 type 属性,Applies a type to button
site/app/pages/components/button/api.js,禁用按钮。,Disables the button and prevents its actions.
site/app/pages/components/button/api.js,是否启用 ripple 效果。,Enables/Disables the ripple effect.
site/app/pages/components/button/api.js,事件名称,Name
site/app/pages/components/button/api.js,参数,Parameters
site/app/pages/components/button/api.js,鼠标点击事件。,Triggered after a mouse click
site/app/pages/components/button/api.js,任意可作用到原生 &lt;button&gt; 元素的事件，组件会将事件绑定传递到原生 &lt;button&gt; 元素。,All events will be passed to button element.
site/app/pages/components/button/api.js,主题 Primary 颜色按钮。,Set background to primary color.
site/app/pages/components/button/api.js,主题 Accent 颜色按钮。,Set background to accent color.
site/app/pages/components/button/api.js,创建带有阴影的凸起按钮,Creates raised buttons with elevation
site/app/pages/components/button/api.js,使用紧凑型的按钮样式。,A slight small variant of buttons. Useful to create a compact UI.
site/app/pages/components/button/api.js,使用圆形的图标按钮。,Enables the rounded-shape icon button
site/app/pages/components/button/api.js,使用 FAB 按钮,Turns a button into a FAB
site/app/pages/components/button/api.js,指定 FAB 按钮的位置。位置 [position] 可选值包括：,Specify the position of the FAB button. [position] values include:
site/app/pages/components/button/api.js,使用 fixed 模式展示按钮。推荐和上述的 6 种位置配合使用。,Apply position: fixed to FAB. Better used with the 6 position coordinates above
site/app/pages/components/button/index.html,"按钮组件用于响应用户的点（触）击操作。按钮类型包括 <strong>Flat</strong>, <strong>Raised</strong> 和 <strong>Floating</strong>。Flat 和 Raised 类型的按钮默认情况下只展示文本，但也可以通过特殊的 class 来附加图标。Floating 类型的按钮只展示图标。按钮可以通过添加 <strong>Dense</strong> 这个 class 来调整为较小的紧凑型大小。","Buttons communicate the action that will occur when the user touches them. They can be <strong>Flat</strong>, <strong>Raised</strong> or <strong>Floating</strong>. Flat and raised buttons accepts only text (by default) but with an special class the button can place an icon. Floating Buttons only accept icons. They can also be smaller than usual with a <strong>Dense</strong> class."
site/app/pages/components/button/index.html,Flat 和 Raised 类型,Flat and Raised Buttons
site/app/pages/components/button/index.html,不添加任何 class 的情况下，按钮的默认类型即 Flat。添加 <code>md-raised</code> 这个 class 即可指定按钮类型为 Raised。,The flat button is the default one. No classes or properties needs to be attached to it to make it flat. The raised button can be achieved with the <code>md-raised</code> class.
site/app/pages/components/button/index.html,Regular,Regular
site/app/pages/components/button/index.html,所有按钮都有以下接口：,The following options can be applied to all buttons
site/app/pages/components/button/index.html,图标类型,Icon Button
site/app/pages/components/button/index.html,要在按钮内显示图标，只需要添加 md-icon-button 类就可以了。您还可以将其与 md-raised 类结合使用。,To display icons inside buttons you only need to add a class and you're good to go. And you can also combine it with the raised class.
site/app/pages/components/button/index.html,Icon,Icon
site/app/pages/components/button/index.html,FAB 按钮,Floating Action Buttons
site/app/pages/components/button/index.html,FAB 按钮代表应用程序中的主要动作，用于升级动作。FAB 按钮可以是常规大小或小型，默认情况下带有强调色。这种类型的按钮只能有图标，因此应与 md-icon 一起使用。,"A Floating Action Button represents the primary action in an application and is used for a promoted action. FAB buttons can be regular sized or mini, with an accent color by default. This type of buttons can only have icons, so it should be used along with <code>&lt;md-icon&gt;</code>."
site/app/pages/components/button/index.html,每屏最多只使用一个 FAB 按钮，并且仅在按钮的目的是触发屏幕的主要操作时才使用。否则，请使用 <code>md-icon-button</code>。,Use only one FAB per page and only if the purpose of the button is to fire the main action of the screen. Otherwise use <code>md-icon-button</code>.
site/app/pages/components/button/index.html,FAB,Floating Action Buttons
site/app/pages/components/button/index.html,链接 vs 按钮,Links vs Buttons
site/app/pages/components/button/index.html,默认情况下，所有按钮都会输出一个<code>button</code>标签。 如果要将其更改为 <code>a</code>标记，只需为其指定 href 属性：,"All buttons by default will output a <code>button</code> tag. If you want to change it to a <code>a</code> tag, just pass it a href:"
site/app/pages/components/button/index.html,和 jinge-ui-router 无缝整合,Seamless integration with jinge-ui-router
site/app/pages/components/button/index.html,"按钮可以默认和 jinge-ui-router 整合。可以把 md-button 当 ui-sref 一样使用，为其指定 to, params, active, target 等属性。","Buttons can be integrated with jinge-ui-router by default. You can use the md-button as a ui-sref, and specify to, params, active, target and other attributes for it."
site/app/pages/components/button/index.html,UI Router Buttons,UI Router Buttons
site/app/pages/components/button/index.html,按钮,Button
site/app/pages/components/avatar/api.js,名称,Name
site/app/pages/components/avatar/api.js,描述,Description
site/app/pages/components/avatar/api.js,创建可以显示图标的头像。,Creates a avatar that can show a icon.
site/app/pages/components/avatar/api.js,制作小头像，更改图像，图标或文字的大小。,"Makes a small avatar, changing the size of image, icon or text."
site/app/pages/components/avatar/api.js,大头像，通常用于在 <md-drawer> 中展示当前用户头像。,Makes a large avatar. Commonly used as the current user avatar inside a left md-drawer.
site/app/pages/components/avatar/index.html,头像（Avatar）可以用来代表人物。当与特定徽标一起使用时，也可以用来代表品牌。当没有要显示的图像时，它们也可以用作占位符，例如，在还没有图片的联系人上显示姓名的首字母。,"Avatars can be used to represent people. When used with a specific logo, avatars can also be used to represent a brand. They also can be a placeholder when there is no image to be shown, showing a initial letter of a name on contacts that have no picture yet, for example."
site/app/pages/components/avatar/index.html,图片,Avatar
site/app/pages/components/avatar/index.html,头像可以用来展示单个图片，也可以和 <code>&lt;md-icon&gt;</code> 搭配用于展示图标。,Avatars can show a single image by default but can also display an icon (using the <code>md-icon</code> component):
site/app/pages/components/avatar/index.html,占位字符,Initial letter as a placeholder
site/app/pages/components/avatar/index.html,假设您要显示联系人列表，但是其中一些在数据库中没有图片。可以使用联系人姓名的首字母作为占位符，最多支持 2 个字符：,"Let's assume that you want to show a list of contacts, but some of them do not have a picture in your database. You can use the initial letter of the contact name as a placeholder. It can even show 2 letters (for compound names) without problems:"
site/app/pages/components/avatar/index.html,多种大小,Multiple sizes
site/app/pages/components/avatar/index.html,可以指定三种不同的大小：常规、小或大。默认情况下，头像具有常规大小。,"You can specify three different sizes, if you want: Regular, Small or Large. By default the avatar have a regular size."
site/app/pages/components/avatar/index.html,头像,Avatar
site/app/pages/components/badge/api.js,名称,Name
site/app/pages/components/badge/api.js,描述,Description
site/app/pages/components/badge/api.js,创建静态的方形徽标,Created square type badge.
site/app/pages/components/badge/api.js,默认值,Default
site/app/pages/components/badge/api.js,指定徽章内容,A content for badge
site/app/pages/components/badge/api.js,指定徽章位置，<code>top</code> 或 <code>bottom</code>,Position of badge <code>top</code> or <code>bottom</code>
site/app/pages/components/badge/api.js,使用紧凑型徽章,Enables the dense layout
site/app/pages/components/badge/index.html,徽章是用于在 UI 元素上提示小状态的描述符。,Small status descriptors for UI elements.
site/app/pages/components/badge/index.html,按钮，头像等组件需要使用 <code>md-badge</code> 进行包装。,"Some components like <b>button, avatar</b> needs to be wrapped with <code>md-badge</code> component."
site/app/pages/components/badge/index.html,徽章,Badge
site/app/pages/ui-elements/typography/index.html,字体,Font Family
site/app/pages/ui-elements/typography/index.html,Material Design 设计规范里的字体为 Roboto，推荐使用 Google Fonts 来加载字体资源。你需要在 html 的头里，加入以下的代码：,Material Design use Roboto as default font-family. It is recommended to load font resources by google fonts. You need to add the following code to the html header:
site/app/pages/ui-elements/typography/index.html,"当没有加载 Roboto 字体文件，或遇到 Roboto 字体未涵盖的字符（比如中文字符），会倒退到使用 <a href=""https://ant.design/docs/spec/font"" target=""_blank"">Ant Desgin</a> 里指定的兼容性字体列表：","When Roboto font files are not loaded, or when characters not covered by Roboto fonts (such as Chinese characters) are encountered, they will fallback to using <a href=""https://ant.design/docs/spec/font"" target=""_blank"">fonts specified in ant-desgin</a>:"
site/app/pages/ui-elements/typography/index.html,文字样式,Font Style
site/app/pages/ui-elements/typography/index.html,Material Desgin 设计规范约束了可以使用的文字样式（包括字号、粗细和行距）。Jinge Material 提供了这几类样式的 class 可供使用：,"Material Design specifications constrain the available text styles (including font size, weight, and line spacing). Jinge Material provides these types of classes for use:"
site/app/pages/ui-elements/typography/index.html,版式,Typography
site/app/pages/ui-elements/elevation/apis.js,名称,Name
site/app/pages/ui-elements/elevation/apis.js,描述,Description
site/app/pages/ui-elements/elevation/apis.js,为元素添加阴影（Elevation），深度可以是 1、2、3、4、6、8、12、16 或 24，例如：md-elevation-4。,"Add elevation to element, depth can be one of [1, 2, 3, 4, 6, 8, 12, 16, 24], ex. md-elevation-4"
site/app/pages/ui-elements/elevation/index.html,"阴影（Elevation）用于指示元素距离表面（Surface）的距离。Material Design 设计规范中定义了 9 种程度的阴影深度，依次是 1, 2, 3, 4, 6, 8, 12, 16, 24。Jinge Material 提供了对应的 9 种 class 可供使用：","Elevation is used to indicate how far an element is from the surface. There are 9 levels of shadow depth defined in the Material Design design specifications, in order 1, 2, 3, 4, 6, 8, 12, 16, 24. Jinge Material provides corresponding 9 types of classes to use:"
site/app/pages/ui-elements/elevation/index.html,阴影,Elevation
site/app/pages/components/content/api.js,名称,Name
site/app/pages/components/content/api.js,描述,Description
site/app/pages/components/content/api.js,默认值,Default
site/app/pages/components/content/api.js,渲染的 HTML 标签，用于创建不是默认的 div 标签。,"The output tag. Useful when you want to create a section instead of div, for example."
site/app/pages/components/content/index.html,包含任意信息的内容容器在 Material Design 规范中称为材料或材料片。,"The Content surfaces that comprise applications are referred to in this spec as material, or sheets of material. The content component is commonly used to resemble a piece of paper. It'll be useful to theme an arbitrary content."
site/app/pages/components/content/index.html,内容框,Content
